Grupo,Teste,Result,Esperado,Correto,Razao
GrupoA,asl31,1,0,FALSE,"'syntax error, unexpected ';', expecting '}'' at line 4 "
GrupoA,asl32,1,0,FALSE,"'syntax error, unexpected ';', expecting '}'' at line 6 "
GrupoA,asl62,1,0,FALSE,"'syntax error, unexpected ';', expecting '}'' at line 5 "
GrupoA,asl63,1,0,FALSE,"'syntax error, unexpected ';', expecting '}'' at line 8 "
GrupoA,asl65,1,0,FALSE,"'syntax error, unexpected ';', expecting '}'' at line 8 "
GrupoA,asl66,1,0,FALSE,"'syntax error, unexpected ';', expecting '}'' at line 7 "
GrupoA,asl80,1,0,FALSE,"'syntax error, unexpected ';', expecting '}'' at line 4 "
GrupoA,asl129,1,0,FALSE,"'syntax error, unexpected ';', expecting '}'' at line 7 "
GrupoA,asl150,1,0,FALSE,"'syntax error, unexpected TK_LIT_INT, expecting ';'' at line 4 "
GrupoA,asl153,1,0,FALSE,"'syntax error, unexpected TK_OC_LE, expecting ';'' at line 3 "
GrupoA,asl154,1,0,FALSE,"'syntax error, unexpected ',', expecting ';'' at line 3 "
GrupoA,asl159,0,1,FALSE,NA
GrupoA,asl163,1,0,FALSE,"'syntax error, unexpected ';', expecting '}'' at line 4 "
GrupoA,asl167,1,0,FALSE,"'syntax error, unexpected ';', expecting '}'' at line 4 "
GrupoA,asl168,1,0,FALSE,"'syntax error, unexpected ';', expecting '}'' at line 8 "
GrupoB,asl78,1,0,FALSE,syntax error 
GrupoB,asl86,0,1,FALSE,NA
GrupoB,asl143,1,0,FALSE,syntax error 
GrupoB,asl150,1,0,FALSE,syntax error 
GrupoB,asl168,1,0,FALSE,syntax error 
GrupoD,asl150,1,0,FALSE,Error: syntax error in line 4 
GrupoD,asl159,0,1,FALSE,Success!
GrupoD,asl160,1,0,FALSE,Error: syntax error in line 5 
GrupoD,asl161,1,0,FALSE,Error: syntax error in line 5 
GrupoE,asl09,0,1,FALSE,"Line 2: syntax error, unexpected CLASS "
GrupoE,asl10,0,1,FALSE,"Line 2: syntax error, unexpected identificador "
GrupoE,asl11,0,1,FALSE,"Line 3: syntax error, unexpected end of file, expecting ';' or '[' or ',' or '(' "
GrupoE,asl12,0,1,FALSE,"Line 2: syntax error, unexpected <=, expecting ';' or '[' or ',' or '(' "
GrupoE,asl13,0,1,FALSE,"Line 2: syntax error, unexpected CLASS "
GrupoE,asl14,0,1,FALSE,"Line 2: syntax error, unexpected ')' "
GrupoE,asl15,0,1,FALSE,"Line 2: syntax error, unexpected CLASS "
GrupoE,asl16,0,1,FALSE,"Line 2: syntax error, unexpected CLASS "
GrupoE,asl17,0,1,FALSE,"Line 2: syntax error, unexpected CLASS "
GrupoE,asl18,0,1,FALSE,"Line 2: syntax error, unexpected CLASS "
GrupoE,asl19,0,1,FALSE,"Line 2: syntax error, unexpected CLASS "
GrupoE,asl20,0,1,FALSE,"Line 2: syntax error, unexpected CLASS "
GrupoE,asl21,0,1,FALSE,"Line 2: syntax error, unexpected CLASS "
GrupoE,asl22,0,1,FALSE,"Line 2: syntax error, unexpected CLASS "
GrupoE,asl23,0,1,FALSE,"Line 2: syntax error, unexpected CLASS "
GrupoE,asl24,0,1,FALSE,"Line 2: syntax error, unexpected CLASS "
GrupoE,asl26,0,1,FALSE,"Line 2: syntax error, unexpected ')' "
GrupoE,asl29,0,1,FALSE,"Line 2: syntax error, unexpected '[', expecting ',' or ')' "
GrupoE,asl34,0,1,FALSE,"Line 2: syntax error, unexpected ')' "
GrupoE,asl40,0,1,FALSE,"Line 2: syntax error, unexpected ')' "
GrupoE,asl45,0,1,FALSE,"Line 2: syntax error, unexpected CLASS "
GrupoE,asl49,0,1,FALSE,"Line 2: syntax error, unexpected CLASS "
GrupoE,asl52,0,1,FALSE,"Line 2: syntax error, unexpected ')' "
GrupoE,asl55,0,1,FALSE,"Line 5: syntax error, unexpected identificador, expecting integer or char or string or ')' "
GrupoE,asl61,0,1,FALSE,"Line 2: syntax error, unexpected ')' "
GrupoE,asl64,0,1,FALSE,"Line 2: syntax error, unexpected ')' "
GrupoE,asl67,0,1,FALSE,"Line 2: syntax error, unexpected ')' "
GrupoE,asl68,0,1,FALSE,"Line 2: syntax error, unexpected ')' "
GrupoE,asl69,0,1,FALSE,"Line 2: syntax error, unexpected ')' "
GrupoE,asl70,0,1,FALSE,"Line 2: syntax error, unexpected ')' "
GrupoE,asl71,0,1,FALSE,"Line 2: syntax error, unexpected ')' "
GrupoE,asl72,0,1,FALSE,"Line 2: syntax error, unexpected ')' "
GrupoE,asl73,0,1,FALSE,"Line 2: syntax error, unexpected ')' "
GrupoE,asl74,0,1,FALSE,"Line 2: syntax error, unexpected ')' "
GrupoE,asl75,0,1,FALSE,"Line 2: syntax error, unexpected ')' "
GrupoE,asl82,0,1,FALSE,"Line 2: syntax error, unexpected ';', expecting identificador "
GrupoE,asl83,0,1,FALSE,"Line 2: syntax error, unexpected ')' "
GrupoE,asl84,0,1,FALSE,"Line 2: syntax error, unexpected ')' "
GrupoE,asl85,0,1,FALSE,"Line 2: syntax error, unexpected ')' "
GrupoE,asl86,0,1,FALSE,"Line 2: syntax error, unexpected ')' "
GrupoE,asl87,0,1,FALSE,"Line 2: syntax error, unexpected ')' "
GrupoE,asl88,0,1,FALSE,"Line 2: syntax error, unexpected ')' "
GrupoE,asl89,0,1,FALSE,"Line 2: syntax error, unexpected ')' "
GrupoE,asl90,0,1,FALSE,"Line 2: syntax error, unexpected ')' "
GrupoE,asl91,0,1,FALSE,"Line 2: syntax error, unexpected ')' "
GrupoE,asl92,0,1,FALSE,"Line 2: syntax error, unexpected ')' "
GrupoE,asl93,0,1,FALSE,"Line 2: syntax error, unexpected ')' "
GrupoE,asl94,0,1,FALSE,"Line 2: syntax error, unexpected ')' "
GrupoE,asl95,0,1,FALSE,"Line 2: syntax error, unexpected CLASS "
GrupoE,asl96,0,1,FALSE,"Line 2: syntax error, unexpected CLASS "
GrupoE,asl97,0,1,FALSE,"Line 2: syntax error, unexpected CLASS "
GrupoE,asl98,0,1,FALSE,"Line 2: syntax error, unexpected ']', expecting integer "
GrupoE,asl99,0,1,FALSE,"Line 2: syntax error, unexpected '[', expecting identificador "
GrupoE,asl100,0,1,FALSE,"Line 2: syntax error, unexpected identificador "
GrupoE,asl101,0,1,FALSE,"Line 2: syntax error, unexpected STATIC "
GrupoE,asl102,0,1,FALSE,"Line 2: syntax error, unexpected CONST "
GrupoE,asl104,0,1,FALSE,"Line 2: syntax error, unexpected '[', expecting ',' or ')' "
GrupoE,asl105,0,1,FALSE,"Line 2: syntax error, unexpected '(', expecting ';' or ',' "
GrupoE,asl106,0,1,FALSE,"Line 2: syntax error, unexpected CLASS "
GrupoE,asl107,0,1,FALSE,"Line 2: syntax error, unexpected CLASS "
GrupoE,asl108,0,1,FALSE,"Line 2: syntax error, unexpected CLASS "
GrupoE,asl109,0,1,FALSE,"Line 2: syntax error, unexpected CLASS "
GrupoE,asl110,0,1,FALSE,"Line 2: syntax error, unexpected CLASS "
GrupoE,asl111,0,1,FALSE,"Line 2: syntax error, unexpected CLASS "
GrupoE,asl112,0,1,FALSE,"Line 2: syntax error, unexpected CLASS "
GrupoE,asl113,0,1,FALSE,"Line 2: syntax error, unexpected CLASS "
GrupoE,asl115,0,1,FALSE,"Line 4: syntax error, unexpected '=', expecting <= or ';' or ',' "
GrupoE,asl116,0,1,FALSE,"Line 4: syntax error, unexpected <=, expecting '[' or '(' or '=' "
GrupoE,asl117,0,1,FALSE,"Line 3: syntax error, unexpected identificador, expecting '[' or '(' or '=' "
GrupoE,asl118,0,1,FALSE,"Line 3: syntax error, unexpected identificador, expecting '[' or '(' or '=' "
GrupoE,asl119,0,1,FALSE,"Line 2: syntax error, unexpected ')' "
GrupoE,asl121,0,1,FALSE,"Line 2: syntax error, unexpected ')' "
GrupoE,asl122,0,1,FALSE,"Line 2: syntax error, unexpected ')' "
GrupoE,asl123,0,1,FALSE,"Line 2: syntax error, unexpected ')' "
GrupoE,asl124,0,1,FALSE,"Line 2: syntax error, unexpected ')' "
GrupoE,asl125,0,1,FALSE,"Line 2: syntax error, unexpected ')' "
GrupoE,asl126,0,1,FALSE,"Line 2: syntax error, unexpected ')' "
GrupoE,asl127,0,1,FALSE,"Line 2: syntax error, unexpected ')' "
GrupoE,asl128,0,1,FALSE,"Line 2: syntax error, unexpected ')' "
GrupoE,asl130,0,1,FALSE,"Line 2: syntax error, unexpected ')' "
GrupoE,asl131,0,1,FALSE,"Line 2: syntax error, unexpected ')' "
GrupoE,asl132,0,1,FALSE,"Line 2: syntax error, unexpected ')' "
GrupoE,asl133,0,1,FALSE,"Line 2: syntax error, unexpected ')' "
GrupoE,asl134,0,1,FALSE,"Line 2: syntax error, unexpected ')' "
GrupoE,asl135,0,1,FALSE,"Line 2: syntax error, unexpected ')' "
GrupoE,asl136,0,1,FALSE,"Line 2: syntax error, unexpected ')' "
GrupoE,asl137,0,1,FALSE,"Line 2: syntax error, unexpected ')' "
GrupoE,asl152,0,1,FALSE,"Line 2: syntax error, unexpected ')' "
GrupoE,asl155,0,1,FALSE,"Line 2: syntax error, unexpected ')' "
GrupoE,asl156,0,1,FALSE,"Line 2: syntax error, unexpected ')' "
GrupoE,asl159,0,1,FALSE,NA
GrupoE,asl164,0,1,FALSE,"Line 2: syntax error, unexpected ')' "
GrupoE,asl165,0,1,FALSE,"Line 2: syntax error, unexpected ')' "
GrupoE,asl169,0,1,FALSE,"Line 2: syntax error, unexpected ')' "
GrupoF,asl43,1,0,FALSE,Erro de sintaxe na linha 4 
GrupoF,asl44,1,0,FALSE,Erro de sintaxe na linha 4 
GrupoF,asl53,1,0,FALSE,Erro de sintaxe na linha 4 
GrupoF,asl54,1,0,FALSE,Erro de sintaxe na linha 6 
GrupoF,asl101,0,1,FALSE,NA
GrupoF,asl143,1,0,FALSE,Erro de sintaxe na linha 4 
GrupoF,asl150,1,0,FALSE,Erro de sintaxe na linha 4 
GrupoF,asl153,1,0,FALSE,Erro de sintaxe na linha 3 
GrupoF,asl154,1,0,FALSE,Erro de sintaxe na linha 3 
GrupoF,asl159,0,1,FALSE,NA
GrupoG,asl86,0,1,FALSE,NA
GrupoG,asl157,1,0,FALSE,"Error Line: 3 syntax error, unexpected TK_OC_AND, expecting ';' "
GrupoG,asl158,1,0,FALSE,"Error Line: 3 syntax error, unexpected TK_OC_OR, expecting ';' "
GrupoG,asl160,1,0,FALSE,"Error Line: 5 syntax error, unexpected '+', expecting ';' "
GrupoG,asl161,1,0,FALSE,"Error Line: 5 syntax error, unexpected '+', expecting ';' "
GrupoG,asl162,1,0,FALSE,"Error Line: 5 syntax error, unexpected TK_OC_AND, expecting ';' "
GrupoG,asl166,1,0,FALSE,"Error Line: 5 syntax error, unexpected TK_OC_NE, expecting ';' "
GrupoG,asl168,1,0,FALSE,"Error Line: 5 syntax error, unexpected invalid token, expecting '?' or ':' "
GrupoH,asl53,1,0,FALSE,1 error found. Line of the error: 3 syntax error 
GrupoH,asl62,1,0,FALSE,1 error found. Line of the error: 4 syntax error 
GrupoH,asl63,1,0,FALSE,1 error found. Line of the error: 7 syntax error 
GrupoH,asl65,1,0,FALSE,1 error found. Line of the error: 7 syntax error 
GrupoH,asl66,1,0,FALSE,1 error found. Line of the error: 6 syntax error 
GrupoH,asl80,1,0,FALSE,1 error found. Line of the error: 3 syntax error 
GrupoH,asl86,0,1,FALSE,NA
GrupoH,asl129,1,0,FALSE,1 error found. Line of the error: 6 syntax error 
GrupoH,asl140,1,0,FALSE,1 error found. Line of the error: 3 syntax error 
GrupoH,asl143,1,0,FALSE,1 error found. Line of the error: 3 syntax error 
GrupoH,asl150,1,0,FALSE,1 error found. Line of the error: 3 syntax error 
GrupoH,asl157,1,0,FALSE,1 error found. Line of the error: 2 syntax error 
GrupoH,asl158,1,0,FALSE,1 error found. Line of the error: 2 syntax error 
GrupoH,asl159,0,1,FALSE,NA
GrupoH,asl160,1,0,FALSE,1 error found. Line of the error: 4 syntax error 
GrupoH,asl161,1,0,FALSE,1 error found. Line of the error: 4 syntax error 
GrupoH,asl162,1,0,FALSE,1 error found. Line of the error: 4 syntax error 
GrupoH,asl163,1,0,FALSE,1 error found. Line of the error: 3 syntax error 
GrupoH,asl167,1,0,FALSE,1 error found. Line of the error: 3 syntax error 
GrupoH,asl168,1,0,FALSE,1 error found. Line of the error: 7 syntax error 
GrupoI,asl31,1,0,FALSE,Erro de sintaxe na linha 4 
GrupoI,asl32,1,0,FALSE,Erro de sintaxe na linha 6 
GrupoI,asl43,1,0,FALSE,Erro de sintaxe na linha 4 
GrupoI,asl44,1,0,FALSE,Erro de sintaxe na linha 4 
GrupoI,asl46,1,0,FALSE,Erro de sintaxe na linha 5 
GrupoI,asl47,1,0,FALSE,Erro de sintaxe na linha 5 
GrupoI,asl48,1,0,FALSE,Erro de sintaxe na linha 6 
GrupoI,asl53,1,0,FALSE,Erro de sintaxe na linha 4 
GrupoI,asl54,1,0,FALSE,Erro de sintaxe na linha 6 
GrupoI,asl56,1,0,FALSE,Erro de sintaxe na linha 5 
GrupoI,asl57,1,0,FALSE,Erro de sintaxe na linha 5 
GrupoI,asl62,1,0,FALSE,Erro de sintaxe na linha 5 
GrupoI,asl63,1,0,FALSE,Erro de sintaxe na linha 6 
GrupoI,asl65,1,0,FALSE,Erro de sintaxe na linha 7 
GrupoI,asl66,1,0,FALSE,Erro de sintaxe na linha 7 
GrupoI,asl76,1,0,FALSE,Erro de sintaxe na linha 7 
GrupoI,asl77,1,0,FALSE,Erro de sintaxe na linha 4 
GrupoI,asl78,1,0,FALSE,Erro de sintaxe na linha 4 
GrupoI,asl79,1,0,FALSE,Erro de sintaxe na linha 5 
GrupoI,asl80,1,0,FALSE,Erro de sintaxe na linha 4 
GrupoI,asl129,1,0,FALSE,Erro de sintaxe na linha 5 
GrupoI,asl138,1,0,FALSE,Erro de sintaxe na linha 4 
GrupoI,asl139,1,0,FALSE,Erro de sintaxe na linha 4 
GrupoI,asl140,1,0,FALSE,Erro de sintaxe na linha 4 
GrupoI,asl141,1,0,FALSE,Erro de sintaxe na linha 4 
GrupoI,asl142,1,0,FALSE,Erro de sintaxe na linha 4 
GrupoI,asl143,1,0,FALSE,Erro de sintaxe na linha 4 
GrupoI,asl144,1,0,FALSE,Erro de sintaxe na linha 4 
GrupoI,asl145,1,0,FALSE,Erro de sintaxe na linha 4 
GrupoI,asl146,1,0,FALSE,Erro de sintaxe na linha 4 
GrupoI,asl147,1,0,FALSE,Erro de sintaxe na linha 4 
GrupoI,asl148,1,0,FALSE,Erro de sintaxe na linha 4 
GrupoI,asl149,1,0,FALSE,Erro de sintaxe na linha 4 
GrupoI,asl150,1,0,FALSE,Erro de sintaxe na linha 4 
GrupoI,asl151,1,0,FALSE,Erro de sintaxe na linha 4 
GrupoI,asl153,1,0,FALSE,Erro de sintaxe na linha 3 
GrupoI,asl154,1,0,FALSE,Erro de sintaxe na linha 3 
GrupoI,asl157,1,0,FALSE,Erro de sintaxe na linha 3 
GrupoI,asl158,1,0,FALSE,Erro de sintaxe na linha 3 
GrupoI,asl159,0,1,FALSE,NA
GrupoI,asl160,1,0,FALSE,Erro de sintaxe na linha 5 
GrupoI,asl161,1,0,FALSE,Erro de sintaxe na linha 5 
GrupoI,asl162,1,0,FALSE,Erro de sintaxe na linha 5 
GrupoI,asl163,1,0,FALSE,Erro de sintaxe na linha 4 
GrupoI,asl166,1,0,FALSE,Erro de sintaxe na linha 5 
GrupoI,asl167,1,0,FALSE,Erro de sintaxe na linha 4 
GrupoI,asl168,1,0,FALSE,Erro de sintaxe na linha 4 
GrupoJ,asl09,0,1,FALSE,NA
GrupoJ,asl10,0,1,FALSE,NA
GrupoJ,asl11,0,1,FALSE,NA
GrupoJ,asl12,0,1,FALSE,NA
GrupoJ,asl13,0,1,FALSE,NA
GrupoJ,asl14,0,1,FALSE,NA
GrupoJ,asl15,0,1,FALSE,NA
GrupoJ,asl16,0,1,FALSE,NA
GrupoJ,asl17,0,1,FALSE,NA
GrupoJ,asl18,0,1,FALSE,NA
GrupoJ,asl19,0,1,FALSE,NA
GrupoJ,asl20,0,1,FALSE,NA
GrupoJ,asl21,0,1,FALSE,NA
GrupoJ,asl22,0,1,FALSE,NA
GrupoJ,asl23,0,1,FALSE,NA
GrupoJ,asl24,0,1,FALSE,NA
GrupoJ,asl26,0,1,FALSE,NA
GrupoJ,asl29,0,1,FALSE,NA
GrupoJ,asl34,0,1,FALSE,NA
GrupoJ,asl40,0,1,FALSE,NA
GrupoJ,asl45,0,1,FALSE,NA
GrupoJ,asl49,0,1,FALSE,NA
GrupoJ,asl52,0,1,FALSE,NA
GrupoJ,asl55,0,1,FALSE,NA
GrupoJ,asl61,0,1,FALSE,NA
GrupoJ,asl64,0,1,FALSE,NA
GrupoJ,asl67,0,1,FALSE,NA
GrupoJ,asl68,0,1,FALSE,NA
GrupoJ,asl69,0,1,FALSE,NA
GrupoJ,asl70,0,1,FALSE,NA
GrupoJ,asl71,0,1,FALSE,NA
GrupoJ,asl72,0,1,FALSE,NA
GrupoJ,asl73,0,1,FALSE,NA
GrupoJ,asl74,0,1,FALSE,NA
GrupoJ,asl75,0,1,FALSE,NA
GrupoJ,asl82,0,1,FALSE,NA
GrupoJ,asl83,0,1,FALSE,NA
GrupoJ,asl84,0,1,FALSE,NA
GrupoJ,asl85,0,1,FALSE,NA
GrupoJ,asl86,0,1,FALSE,NA
GrupoJ,asl87,0,1,FALSE,NA
GrupoJ,asl88,0,1,FALSE,NA
GrupoJ,asl89,0,1,FALSE,NA
GrupoJ,asl90,0,1,FALSE,NA
GrupoJ,asl91,0,1,FALSE,NA
GrupoJ,asl92,0,1,FALSE,NA
GrupoJ,asl93,0,1,FALSE,NA
GrupoJ,asl94,0,1,FALSE,NA
GrupoJ,asl95,0,1,FALSE,NA
GrupoJ,asl96,0,1,FALSE,NA
GrupoJ,asl97,0,1,FALSE,NA
GrupoJ,asl98,0,1,FALSE,NA
GrupoJ,asl99,0,1,FALSE,NA
GrupoJ,asl100,0,1,FALSE,NA
GrupoJ,asl101,0,1,FALSE,NA
GrupoJ,asl102,0,1,FALSE,NA
GrupoJ,asl104,0,1,FALSE,NA
GrupoJ,asl105,0,1,FALSE,NA
GrupoJ,asl106,0,1,FALSE,NA
GrupoJ,asl107,0,1,FALSE,NA
GrupoJ,asl108,0,1,FALSE,NA
GrupoJ,asl109,0,1,FALSE,NA
GrupoJ,asl110,0,1,FALSE,NA
GrupoJ,asl111,0,1,FALSE,NA
GrupoJ,asl112,0,1,FALSE,NA
GrupoJ,asl113,0,1,FALSE,NA
GrupoJ,asl115,0,1,FALSE,NA
GrupoJ,asl116,0,1,FALSE,NA
GrupoJ,asl117,0,1,FALSE,NA
GrupoJ,asl118,0,1,FALSE,NA
GrupoJ,asl119,0,1,FALSE,NA
GrupoJ,asl121,0,1,FALSE,NA
GrupoJ,asl122,0,1,FALSE,NA
GrupoJ,asl123,0,1,FALSE,NA
GrupoJ,asl124,0,1,FALSE,NA
GrupoJ,asl125,0,1,FALSE,NA
GrupoJ,asl126,0,1,FALSE,NA
GrupoJ,asl127,0,1,FALSE,NA
GrupoJ,asl128,0,1,FALSE,NA
GrupoJ,asl130,0,1,FALSE,NA
GrupoJ,asl131,0,1,FALSE,NA
GrupoJ,asl132,0,1,FALSE,NA
GrupoJ,asl133,0,1,FALSE,NA
GrupoJ,asl134,0,1,FALSE,NA
GrupoJ,asl135,0,1,FALSE,NA
GrupoJ,asl136,0,1,FALSE,NA
GrupoJ,asl137,0,1,FALSE,NA
GrupoJ,asl152,0,1,FALSE,NA
GrupoJ,asl155,0,1,FALSE,NA
GrupoJ,asl156,0,1,FALSE,NA
GrupoJ,asl159,0,1,FALSE,NA
GrupoJ,asl164,0,1,FALSE,NA
GrupoJ,asl165,0,1,FALSE,NA
GrupoJ,asl169,0,1,FALSE,NA
GrupoK,asl86,0,1,FALSE,Programa Ok! 
GrupoK,asl151,1,0,FALSE,"Linha 3: > syntax error, unexpected ',', expecting ';' "
GrupoK,asl153,1,0,FALSE,"Linha 3: > syntax error, unexpected ',', expecting ';' "
GrupoK,asl154,1,0,FALSE,"Linha 3: > syntax error, unexpected ',', expecting ';' "
GrupoL,asl01,1,0,FALSE,syntax error na linha 3 
GrupoL,asl02,1,0,FALSE,syntax error na linha 3 
GrupoL,asl03,1,0,FALSE,syntax error na linha 3 
GrupoL,asl04,1,0,FALSE,syntax error na linha 3 
GrupoL,asl05,1,0,FALSE,syntax error na linha 3 
GrupoL,asl06,1,0,FALSE,syntax error na linha 3 
GrupoL,asl07,1,0,FALSE,syntax error na linha 3 
GrupoL,asl08,1,0,FALSE,syntax error na linha 3 
GrupoL,asl25,1,0,FALSE,syntax error na linha 5 
GrupoL,asl26,0,1,FALSE,NA
GrupoL,asl27,1,0,FALSE,syntax error na linha 5 
GrupoL,asl28,1,0,FALSE,syntax error na linha 5 
GrupoL,asl30,1,0,FALSE,syntax error na linha 5 
GrupoL,asl31,1,0,FALSE,syntax error na linha 6 
GrupoL,asl32,1,0,FALSE,syntax error na linha 10 
GrupoL,asl33,1,0,FALSE,syntax error na linha 6 
GrupoL,asl35,1,0,FALSE,syntax error na linha 6 
GrupoL,asl36,1,0,FALSE,syntax error na linha 6 
GrupoL,asl37,1,0,FALSE,syntax error na linha 5 
GrupoL,asl38,1,0,FALSE,syntax error na linha 5 
GrupoL,asl39,1,0,FALSE,syntax error na linha 5 
GrupoL,asl41,1,0,FALSE,syntax error na linha 6 
GrupoL,asl42,1,0,FALSE,syntax error na linha 6 
GrupoL,asl43,1,0,FALSE,syntax error na linha 6 
GrupoL,asl44,1,0,FALSE,syntax error na linha 7 
GrupoL,asl46,1,0,FALSE,syntax error na linha 7 
GrupoL,asl47,1,0,FALSE,syntax error na linha 7 
GrupoL,asl48,1,0,FALSE,syntax error na linha 9 
GrupoL,asl50,1,0,FALSE,syntax error na linha 7 
GrupoL,asl51,1,0,FALSE,syntax error na linha 9 
GrupoL,asl53,1,0,FALSE,syntax error na linha 6 
GrupoL,asl54,1,0,FALSE,syntax error na linha 8 
GrupoL,asl56,1,0,FALSE,syntax error na linha 7 
GrupoL,asl57,1,0,FALSE,syntax error na linha 7 
GrupoL,asl58,1,0,FALSE,syntax error na linha 7 
GrupoL,asl59,1,0,FALSE,syntax error na linha 6 
GrupoL,asl60,1,0,FALSE,syntax error na linha 5 
GrupoL,asl62,1,0,FALSE,syntax error na linha 5 
GrupoL,asl63,1,0,FALSE,syntax error na linha 8 
GrupoL,asl65,1,0,FALSE,syntax error na linha 8 
GrupoL,asl66,1,0,FALSE,syntax error na linha 7 
GrupoL,asl76,1,0,FALSE,syntax error na linha 9 
GrupoL,asl77,1,0,FALSE,syntax error na linha 6 
GrupoL,asl78,1,0,FALSE,syntax error na linha 6 
GrupoL,asl79,1,0,FALSE,syntax error na linha 7 
GrupoL,asl80,1,0,FALSE,syntax error na linha 4 
GrupoL,asl81,1,0,FALSE,syntax error na linha 9 
GrupoL,asl83,0,1,FALSE,NA
GrupoL,asl103,1,0,FALSE,syntax error na linha 6 
GrupoL,asl114,1,0,FALSE,syntax error na linha 2 
GrupoL,asl120,1,0,FALSE,syntax error na linha 6 
GrupoL,asl129,1,0,FALSE,syntax error na linha 7 
GrupoL,asl138,1,0,FALSE,syntax error na linha 5 
GrupoL,asl139,1,0,FALSE,syntax error na linha 5 
GrupoL,asl140,1,0,FALSE,syntax error na linha 5 
GrupoL,asl141,1,0,FALSE,syntax error na linha 5 
GrupoL,asl142,1,0,FALSE,syntax error na linha 5 
GrupoL,asl143,1,0,FALSE,syntax error na linha 5 
GrupoL,asl144,1,0,FALSE,syntax error na linha 5 
GrupoL,asl145,1,0,FALSE,syntax error na linha 5 
GrupoL,asl146,1,0,FALSE,syntax error na linha 5 
GrupoL,asl147,1,0,FALSE,syntax error na linha 5 
GrupoL,asl148,1,0,FALSE,syntax error na linha 5 
GrupoL,asl149,1,0,FALSE,syntax error na linha 5 
GrupoL,asl150,1,0,FALSE,syntax error na linha 5 
GrupoL,asl151,1,0,FALSE,syntax error na linha 5 
GrupoL,asl153,1,0,FALSE,syntax error na linha 5 
GrupoL,asl154,1,0,FALSE,syntax error na linha 5 
GrupoL,asl157,1,0,FALSE,syntax error na linha 5 
GrupoL,asl158,1,0,FALSE,syntax error na linha 5 
GrupoL,asl160,1,0,FALSE,syntax error na linha 5 
GrupoL,asl161,1,0,FALSE,syntax error na linha 5 
GrupoL,asl162,1,0,FALSE,syntax error na linha 8 
GrupoL,asl163,1,0,FALSE,syntax error na linha 4 
GrupoL,asl166,1,0,FALSE,syntax error na linha 7 
GrupoL,asl167,1,0,FALSE,syntax error na linha 4 
GrupoL,asl168,1,0,FALSE,syntax error na linha 5 
GrupoN,asl29,0,1,FALSE,NA
GrupoN,asl40,0,1,FALSE,NA
GrupoN,asl48,1,0,FALSE,"[Line 7] syntax error, unexpected '+', expecting TK_OC_SL or TK_OC_SR or '=' "
GrupoN,asl63,1,0,FALSE,"[Line 6] syntax error, unexpected TOKEN_ERRO, expecting '{' "
GrupoN,asl81,1,0,FALSE,"[Line 7] syntax error, unexpected TK_LIT_INT, expecting ';' "
GrupoN,asl98,0,1,FALSE,NA
GrupoN,asl104,0,1,FALSE,NA
GrupoN,asl105,0,1,FALSE,NA
GrupoN,asl114,1,0,FALSE,"[Line 2] syntax error, unexpected end of file "
GrupoN,asl143,1,0,FALSE,"[Line 4] syntax error, unexpected TOKEN_ERRO "
GrupoN,asl146,1,0,FALSE,"[Line 4] syntax error, unexpected invalid token "
GrupoN,asl150,1,0,FALSE,"[Line 4] syntax error, unexpected TK_LIT_INT "
GrupoN,asl160,1,0,FALSE,"[Line 5] syntax error, unexpected '+' "
GrupoN,asl161,1,0,FALSE,"[Line 5] syntax error, unexpected '+' "
GrupoN,asl163,1,0,FALSE,"[Line 4] syntax error, unexpected ')' "
GrupoN,asl166,1,0,FALSE,"[Line 5] syntax error, unexpected TK_OC_NE, expecting ';' "
GrupoN,asl167,1,0,FALSE,"[Line 4] syntax error, unexpected ')' "
GrupoN,asl168,1,0,FALSE,"[Line 5] syntax error, unexpected invalid token "
GrupoP,asl63,1,0,FALSE, Erro sintatico na linha 6 
GrupoP,asl153,1,0,FALSE, Erro sintatico na linha 3 
GrupoP,asl154,1,0,FALSE, Erro sintatico na linha 3 
GrupoS,asl52,0,1,FALSE,ret: 0
GrupoS,asl62,1,0,FALSE,Linha 5: syntax error ret: 1
GrupoS,asl63,1,0,FALSE,Linha 8: syntax error ret: 1
GrupoS,asl65,1,0,FALSE,Linha 8: syntax error ret: 1
GrupoS,asl66,1,0,FALSE,Linha 7: syntax error ret: 1
GrupoS,asl80,1,0,FALSE,Linha 4: syntax error ret: 1
GrupoS,asl129,1,0,FALSE,Linha 7: syntax error ret: 1
GrupoS,asl143,1,0,FALSE,Linha 4: syntax error ret: 1
GrupoS,asl150,1,0,FALSE,Linha 4: syntax error ret: 1
GrupoS,asl151,1,0,FALSE,Linha 3: syntax error ret: 1
GrupoS,asl153,1,0,FALSE,Linha 3: syntax error ret: 1
GrupoS,asl154,1,0,FALSE,Linha 3: syntax error ret: 1
GrupoS,asl159,0,1,FALSE,ret: 0
GrupoS,asl163,1,0,FALSE,Linha 4: syntax error ret: 1
GrupoS,asl167,1,0,FALSE,Linha 4: syntax error ret: 1
GrupoS,asl168,1,0,FALSE,Linha 8: syntax error ret: 1
GrupoT,asl86,0,1,FALSE,NA
GrupoV,asl31,1,0,FALSE,syntax error Linha 4 
GrupoV,asl32,1,0,FALSE,syntax error Linha 6 
GrupoV,asl48,1,0,FALSE,syntax error Linha 7 
GrupoV,asl62,1,0,FALSE,syntax error Linha 5 
GrupoV,asl63,1,0,FALSE,syntax error Linha 8 
GrupoV,asl65,1,0,FALSE,syntax error Linha 8 
GrupoV,asl66,1,0,FALSE,syntax error Linha 7 
GrupoV,asl76,1,0,FALSE,syntax error Linha 7 
GrupoV,asl77,1,0,FALSE,syntax error Linha 4 
GrupoV,asl78,1,0,FALSE,syntax error Linha 4 
GrupoV,asl79,1,0,FALSE,syntax error Linha 5 
GrupoV,asl80,1,0,FALSE,syntax error Linha 4 
GrupoV,asl129,1,0,FALSE,syntax error Linha 7 
GrupoV,asl138,1,0,FALSE,syntax error Linha 4 
GrupoV,asl139,1,0,FALSE,syntax error Linha 4 
GrupoV,asl140,1,0,FALSE,syntax error Linha 4 
GrupoV,asl141,1,0,FALSE,syntax error Linha 4 
GrupoV,asl142,1,0,FALSE,syntax error Linha 4 
GrupoV,asl143,1,0,FALSE,syntax error Linha 4 
GrupoV,asl144,1,0,FALSE,syntax error Linha 4 
GrupoV,asl145,1,0,FALSE,syntax error Linha 4 
GrupoV,asl146,1,0,FALSE,syntax error Linha 4 
GrupoV,asl147,1,0,FALSE,syntax error Linha 4 
GrupoV,asl148,1,0,FALSE,syntax error Linha 4 
GrupoV,asl149,1,0,FALSE,syntax error Linha 4 
GrupoV,asl150,1,0,FALSE,syntax error Linha 4 
GrupoV,asl157,1,0,FALSE,syntax error Linha 3 
GrupoV,asl158,1,0,FALSE,syntax error Linha 3 
GrupoV,asl160,1,0,FALSE,syntax error Linha 5 
GrupoV,asl161,1,0,FALSE,syntax error Linha 5 
GrupoV,asl163,1,0,FALSE,syntax error Linha 4 
GrupoV,asl166,1,0,FALSE,syntax error Linha 5 
GrupoV,asl167,1,0,FALSE,syntax error Linha 4 
GrupoV,asl168,1,0,FALSE,syntax error Linha 5 
